{
  "model1": {
    "3m": {
      "auc": 0.9715098663816621,
      "avg_precision": 0.5142121816847167,
      "brier": 0.0243020107473605,
      "calibration_error": 0.04083980960982219,
      "base_rate": 0.03665517193237187,
      "n": 286508
    },
    "6m": {
      "auc": 0.8817800875064176,
      "avg_precision": 0.534410420191606,
      "brier": 0.09055253465791147,
      "calibration_error": 0.050102579364330456,
      "base_rate": 0.14663464894523015,
      "n": 286508
    },
    "by_lease_end": {
      "auc": 0.6850095999080443,
      "avg_precision": 0.6008536396798905,
      "brier": 0.19869955939640127,
      "calibration_error": 0.032962345505633,
      "base_rate": 0.3551872897091879,
      "n": 286508
    },
    "property_level_mae_3m": 2.7760238155507575,
    "precision_at_top10_pct_3m": 0.33370562982094865
  },
  "model2": {
    "auc": 0.7363749245330558,
    "avg_precision": 0.7765849258245567,
    "brier": 0.20185546544236443,
    "calibration_error": 0.05850160446962012,
    "acceptance_rate": 0.5888888888888889,
    "n": 28350
  }
}