{
  "3m": {
    "auc": 0.9615550973429144,
    "base_rate": 0.05202778266337912,
    "n": 301339
  },
  "6m": {
    "auc": 0.8789114995581988,
    "base_rate": 0.15774373499823802,
    "n": 300798
  },
  "by_lease_end": {
    "auc": 0.5244422560440616,
    "base_rate": 0.3754962879872478,
    "n": 1084048
  }
}