{
  "auc": 0.7363749245330558,
  "acceptance_rate": 0.5888888888888889,
  "n_val": 28350
}